id,title,company,location,posted,url,years_required,score,matched,missing,folder
4446571702,Azure Data Engineer,EXL,"Pune Division, Maharashtra, India",2026-10-02,https://in.linkedin.com/jobs/view/azure-data-engineer-at-exl-4446571702,,100,"sql, spark, azure, synapse, etl, elt, data lake",,
4471781160,Data Engineer-Data Platforms-SnowFlake,IBM,"Pune Division, Maharashtra, India",2026-09-29,https://in.linkedin.com/jobs/view/data-engineer-data-platforms-snowflake-at-ibm-4471781160,,100,"snowflake, etl",,
4473099871,Data Engineer,"Innovative Information Technologies, Inc.","Pune Division, Maharashtra, India",2026-09-29,https://in.linkedin.com/jobs/view/data-engineer-at-innovative-information-technologies-inc-4473099871,,100,"python, sql, pyspark, azure, databricks, data factory, data lake, power bi",,
4472530555,Azure Data Engineer,Atlas Copco Group,Pune/Pimpri-Chinchwad Area,2026-10-01,https://in.linkedin.com/jobs/view/azure-data-engineer-at-atlas-copco-group-4472530555,2,100,"sql, azure, data factory, synapse, etl, git, power bi",,
4454705788,Azure Databricks Specialist,Birlasoft,Pune/Pimpri-Chinchwad Area,2026-10-01,https://in.linkedin.com/jobs/view/azure-databricks-specialist-at-birlasoft-4454705788,2,100,"sql, pyspark, spark, azure, databricks, data factory, etl, elt",,
4469324044,GCP Data Engineer - VOIS,VOIS,"Pune Division, Maharashtra, India",2026-10-04,https://in.linkedin.com/jobs/view/gcp-data-engineer-vois-at-vois-4469324044,,86,"python, sql, kafka, etl, elt, git",airflow,
4474250182,Palantir Engineer_2+ years,Zorba AI,"Pune Division, Maharashtra, India",2026-10-05,https://in.linkedin.com/jobs/view/palantir-engineer-2%2B-years-at-zorba-ai-4474250182,2+,83,"python, sql, pyspark, spark, hadoop",hive,
4473616151,Data Engineer - AI/ML Engineer,IntraEdge,"Pune City, Maharashtra, India",2026-10-05,https://in.linkedin.com/jobs/view/data-engineer-ai-ml-engineer-at-intraedge-4473616151,2+,83,"python, sql, aws, azure, kafka",terraform,
4463427699,Data Engineer-Data Platforms-Azure,IBM,"Pune Division, Maharashtra, India",2026-10-01,https://in.linkedin.com/jobs/view/data-engineer-data-platforms-azure-at-ibm-4463427699,,70,"python, sql, spark, azure, databricks, data factory, synapse","airflow, dbt, scala",
